playlist,playlist_uri
K-Pop Daebak,spotify:playlist:37i9dQZF1DX9tPFwDMOaN1
Hallyu Boy Bands,spotify:playlist:37i9dQZF1DX1gjl24GAQC0
Korean OSTs,spotify:playlist:37i9dQZF1DX2ohL85TE8TI
WOR K  OUT,spotify:playlist:37i9dQZF1DX3ZeFHRhhi7Y
Best of Korean Soundtracks,spotify:playlist:37i9dQZF1DWUXxc8Mc6MmJ
TrenChill K-R&B,spotify:playlist:37i9dQZF1DXbirtHQBuwCo
Women of K-Pop,spotify:playlist:37i9dQZF1DX6Cy4Vr7Hu2y
K-Pop Rising,spotify:playlist:37i9dQZF1DX4FcAKI5Nhzq
Dalkom Cafe,spotify:playlist:37i9dQZF1DX5g856aiKiDS
KimBops!,spotify:playlist:37i9dQZF1DX0018ciYu6bM
Girl Krush,spotify:playlist:37i9dQZF1DXbSWYCNwaARB
Satang Mix,spotify:playlist:37i9dQZF1DWTTHy0vndijk
This Is DAY6,spotify:playlist:37i9dQZF1DX3Ucx6LaTP5S
Nolja!,spotify:playlist:37i9dQZF1DXdR77H5Z8MIM
K-Pop X-Overs,spotify:playlist:37i9dQZF1DX4IDaXtVjL83
K-Pop Ballad Hits,spotify:playlist:37i9dQZF1DX5LEXW9eXA0n
K-Club Party,spotify:playlist:37i9dQZF1DX4RDXswvP6Mj
Millennium K-Pop,spotify:playlist:37i9dQZF1DWUoY6Ih7vsxr
In The K-Indie,spotify:playlist:37i9dQZF1DXdTb8AG95jne
K-Pop Duets,spotify:playlist:37i9dQZF1DWZYjbSZYSpu6
This Is LOONA,spotify:playlist:37i9dQZF1DXcVhobq00UmD
New Music K-Pop,spotify:playlist:37i9dQZF1DXe5W6diBL5N4
Workday K-Pop,spotify:playlist:37i9dQZF1DX5eq3AONkaho
K-Pop Generations,spotify:playlist:37i9dQZF1DX14fiWYoe7Oh
Top K-Pop Tracks of 2O2O,spotify:playlist:37i9dQZF1DX8NzI27ip7J0
TrenChill K-Hip Hop,spotify:playlist:37i9dQZF1DWWvmOXYvR5a6
v o K a l,spotify:playlist:37i9dQZF1DX8eqay1FtdMm
K-Hip-Hop +82,spotify:playlist:37i9dQZF1DWW46Vfs1oltB
Sing Along K-Pop,spotify:playlist:37i9dQZF1DWXaehqeJpkro
Korean OST Instrumentals,spotify:playlist:37i9dQZF1DXbbMUWc2KuOB
K-Pop Acoustic,spotify:playlist:37i9dQZF1DX1wdZM1FEz79
Cool K'IDs Rock,spotify:playlist:37i9dQZF1DX2SFBzpAPi7n
This is BAEKHYUN,spotify:playlist:37i9dQZF1DX82z3m3RyeLu
Morning K-Pop!,spotify:playlist:37i9dQZF1DX1uG5byNIgDA
K-Pop Daebak Presents: Best K-Pop Songs of 2O2O,spotify:playlist:37i9dQZF1DWVHNixKGCLqw
This Is SUNMI,spotify:playlist:37i9dQZF1DX5wTRh9H8LSC
RADAR Korea,spotify:playlist:37i9dQZF1DX9IALXsyt8zk
Tropical K-Pop,spotify:playlist:37i9dQZF1DX1lU51fgoMhF
This Is HyunA,spotify:playlist:37i9dQZF1DWTQlAcQVKgKf
Dalkom Mukbang (달콤먹방),spotify:playlist:37i9dQZF1DWTdBIyTaKDBw
Best Korean OSTs of 2020,spotify:playlist:37i9dQZF1DXdmJixlyx0rj
A Decade in K-Pop,spotify:playlist:37i9dQZF1DX2cVoXMHpaD1
4:00 AM GROOVE,spotify:playlist:37i9dQZF1DXbShqaetC9Tw
This Is BoA,spotify:playlist:37i9dQZF1DWVcZmFvFFJ5L
Top K-Pop Artists of 2O2O,spotify:playlist:37i9dQZF1DWT1zrjQN7E2v
Top Female K-Pop Artists of 2O2O,spotify:playlist:37i9dQZF1DWZC2THxwgM6T
Best of 2018: K-Pop,spotify:playlist:37i9dQZF1DX5CHqBODmn2c
Korean Old Vinyls (통기타와 LP판),spotify:playlist:37i9dQZF1DWX7FdKM0unn8
Top K-Pop Artists of 2019,spotify:playlist:37i9dQZF1DWTY99d0AYptp
Top K-Pop Groups of 2O2O,spotify:playlist:37i9dQZF1DWZKujt4hK7mM
Show Me The Money (쇼미더머니),spotify:playlist:37i9dQZF1DXbUvVRFYN2Rp
This Is AB6IX,spotify:playlist:37i9dQZF1DWXZYiAIXe47k
So Kool Driving,spotify:playlist:37i9dQZF1DX3sCx6B9EAOr
This Is NU'EST,spotify:playlist:37i9dQZF1DWXYltn5FtH0l
Top Male K-Pop Artists of 2O2O,spotify:playlist:37i9dQZF1DXdRkwYiLGQc8
K-Trot Stars,spotify:playlist:37i9dQZF1DX6i7txhF59QA
2020 MAMA,spotify:playlist:37i9dQZF1DX4OyEPaWHBdk
Best Korean OSTs of 2019,spotify:playlist:37i9dQZF1DX6HNmsqZ1nyc
