playlist,playlist_uri
K-Pop Daebak,spotify:playlist:37i9dQZF1DX9tPFwDMOaN1
Hallyu Boy Bands,spotify:playlist:37i9dQZF1DX1gjl24GAQC0
Korean OSTs,spotify:playlist:37i9dQZF1DX2ohL85TE8TI
WOR K  OUT,spotify:playlist:37i9dQZF1DX3ZeFHRhhi7Y
Women of K-Pop,spotify:playlist:37i9dQZF1DX6Cy4Vr7Hu2y
Best of Korean Soundtracks,spotify:playlist:37i9dQZF1DWUXxc8Mc6MmJ
TrenChill K-R&B,spotify:playlist:37i9dQZF1DXbirtHQBuwCo
K-Pop Rising,spotify:playlist:37i9dQZF1DX4FcAKI5Nhzq
Dalkom Cafe,spotify:playlist:37i9dQZF1DX5g856aiKiDS
KimBops!,spotify:playlist:37i9dQZF1DX0018ciYu6bM
Girl Krush,spotify:playlist:37i9dQZF1DXbSWYCNwaARB
Nolja!,spotify:playlist:37i9dQZF1DXdR77H5Z8MIM
Satang Mix,spotify:playlist:37i9dQZF1DWTTHy0vndijk
This Is DAY6,spotify:playlist:37i9dQZF1DX3Ucx6LaTP5S
K-Pop X-Overs,spotify:playlist:37i9dQZF1DX4IDaXtVjL83
K-Pop Ballad Hits,spotify:playlist:37i9dQZF1DX5LEXW9eXA0n
K-Club Party,spotify:playlist:37i9dQZF1DX4RDXswvP6Mj
Millennium K-Pop,spotify:playlist:37i9dQZF1DWUoY6Ih7vsxr
K-Pop Duets,spotify:playlist:37i9dQZF1DWZYjbSZYSpu6
In The K-Indie,spotify:playlist:37i9dQZF1DXdTb8AG95jne
This Is LOONA,spotify:playlist:37i9dQZF1DXcVhobq00UmD
Workday K-Pop,spotify:playlist:37i9dQZF1DX5eq3AONkaho
v o K a l,spotify:playlist:37i9dQZF1DX8eqay1FtdMm
TrenChill K-Hip Hop,spotify:playlist:37i9dQZF1DWWvmOXYvR5a6
K-Pop Generations,spotify:playlist:37i9dQZF1DX14fiWYoe7Oh
K-Hip-Hop +82,spotify:playlist:37i9dQZF1DWW46Vfs1oltB
Korean OST Instrumentals,spotify:playlist:37i9dQZF1DXbbMUWc2KuOB
New Music K-Pop,spotify:playlist:37i9dQZF1DXe5W6diBL5N4
Sing Along K-Pop,spotify:playlist:37i9dQZF1DWXaehqeJpkro
Top K-Pop Tracks of 2O2O,spotify:playlist:37i9dQZF1DX8NzI27ip7J0
Cool K'IDs Rock,spotify:playlist:37i9dQZF1DX2SFBzpAPi7n
K-Pop Acoustic,spotify:playlist:37i9dQZF1DX1wdZM1FEz79
RADAR Korea,spotify:playlist:37i9dQZF1DX9IALXsyt8zk
K-Pop Daebak Presents: Best K-Pop Songs of 2O2O,spotify:playlist:37i9dQZF1DWVHNixKGCLqw
This Is HyunA,spotify:playlist:37i9dQZF1DWTQlAcQVKgKf
Morning K-Pop!,spotify:playlist:37i9dQZF1DX1uG5byNIgDA
This is BAEKHYUN,spotify:playlist:37i9dQZF1DX82z3m3RyeLu
This Is SUNMI,spotify:playlist:37i9dQZF1DX5wTRh9H8LSC
Tropical K-Pop,spotify:playlist:37i9dQZF1DX1lU51fgoMhF
4:00 AM GROOVE,spotify:playlist:37i9dQZF1DXbShqaetC9Tw
A Decade in K-Pop,spotify:playlist:37i9dQZF1DX2cVoXMHpaD1
This Is BoA,spotify:playlist:37i9dQZF1DWVcZmFvFFJ5L
Best Korean OSTs of 2020,spotify:playlist:37i9dQZF1DXdmJixlyx0rj
Dalkom Mukbang (달콤먹방),spotify:playlist:37i9dQZF1DWTdBIyTaKDBw
Top Female K-Pop Artists of 2O2O,spotify:playlist:37i9dQZF1DWZC2THxwgM6T
Korean Old Vinyls (통기타와 LP판),spotify:playlist:37i9dQZF1DWX7FdKM0unn8
Top K-Pop Artists of 2O2O,spotify:playlist:37i9dQZF1DWT1zrjQN7E2v
Top K-Pop Groups of 2O2O,spotify:playlist:37i9dQZF1DWZKujt4hK7mM
Best of 2018: K-Pop,spotify:playlist:37i9dQZF1DX5CHqBODmn2c
Best Korean OSTs of 2019,spotify:playlist:37i9dQZF1DX6HNmsqZ1nyc
K-Trot Stars,spotify:playlist:37i9dQZF1DX6i7txhF59QA
Show Me The Money (쇼미더머니),spotify:playlist:37i9dQZF1DXbUvVRFYN2Rp
Top Male K-Pop Artists of 2O2O,spotify:playlist:37i9dQZF1DXdRkwYiLGQc8
So Kool Driving,spotify:playlist:37i9dQZF1DX3sCx6B9EAOr
Top K-Pop Artists of 2019,spotify:playlist:37i9dQZF1DWTY99d0AYptp
This Is AB6IX,spotify:playlist:37i9dQZF1DWXZYiAIXe47k
This Is NU'EST,spotify:playlist:37i9dQZF1DWXYltn5FtH0l
2020 MAMA,spotify:playlist:37i9dQZF1DX4OyEPaWHBdk
